Workbook
Name Slicer_Gender: #N/A
Name Slicer_Generation: #N/A
Name Slicer_Product_Category: #N/A

Sheet Product Sales by Category
A3: Product Category | B3: Sum of Total Sales
A4: Beauty | B4: 0.31472588
A5: Clothing | B5: 0.34118421
A6: Electronics | B6: 0.34408991
A7: Grand Total | B7: 1

Sheet Product sales by Gender 
A3: Product Category | B3: Gender | C3: Sum of Total Sales
A4: Beauty | B4: Female | C4: 74830
B5: Male | C5: 68685
A6: Beauty Total | C6: 143515
A7: Clothing | B7: Female | C7: 81275
B8: Male | C8: 74305
A9: Clothing Total | C9: 155580
A10: Electronics | B10: Female | C10: 76735
B11: Male | C11: 80170
A12: Electronics Total | C12: 156905
A13: Grand Total | C13: 456000

Sheet Sales by gender and generation
A3: Product Category | B3: Gender | C3: Generation | D3: Sum of Total Sales
A4: Beauty | B4: Female | C4: Seniors | D4: 0.50453858
C5: Young Adult | D5: 0.49546142
B6: Female Total | D6: 1
A7: Beauty Total | D7: 1
A8: Grand Total | D8: 1

Sheet retail_sales_dataset
A1: Transaction ID | B1: Year | C1: Month | D1: Day | E1: Day of the week | F1: Date | G1: Customer ID | H1: Gender | I1: Age | J1: Generation | K1: Product Category | L1: Quantity | M1: Price per Unit | N1: Total Sales | O1: Commission 2023
A2: 1 | B2: =YEAR(F2) -> 2023 | C2: =MONTH(F2) -> 11 | D2: =DAY(F2) -> 24 | E2: =TEXT(F2,"dddd") -> Friday | F2: 45254 | G2: CUST001 | H2: Male | I2: 34 | J2: {=_xlfn.IFS(I2<30,"Young Adult", I2<50,"Adult",I2 >=50,"Seniors")} -> Adult | K2: Beauty | L2: 3 | M2: 50 | N2: =L2*M2 -> 150 | O2: =N2*$R$3 -> 2.25 | R2: Rate %
A3: 2 | B3: =YEAR(F3) -> 2023 | C3: =MONTH(F3) -> 2 | D3: =DAY(F3) -> 27 | E3: =TEXT(F3,"dddd") -> Monday | F3: 44984 | G3: CUST002 | H3: Female | I3: 26 | J3: {=_xlfn.IFS(I3<30,"Young Adult", I3<50,"Adult",I3 >=50,"Seniors")} -> Young Adult | K3: Clothing | L3: 2 | M3: 500 | N3: =L3*M3 -> 1000 | O3: =N3*$R$3 -> 15 | Q3: Commission 2023 | R3: 0.015
A4: 3 | B4: =YEAR(F4) -> 2023 | C4: =MONTH(F4) -> 1 | D4: =DAY(F4) -> 13 | E4: =TEXT(F4,"dddd") -> Friday | F4: 44939 | G4: CUST003 | H4: Male | I4: 50 | J4: {=_xlfn.IFS(I4<30,"Young Adult", I4<50,"Adult",I4 >=50,"Seniors")} -> Seniors | K4: Electronics | L4: 1 | M4: 30 | N4: =L4*M4 -> 30 | O4: =N4*$R$3 -> 0.45
A5: 4 | B5: =YEAR(F5) -> 2023 | C5: =MONTH(F5) -> 5 | D5: =DAY(F5) -> 21 | E5: =TEXT(F5,"dddd") -> Sunday | F5: 45067 | G5: CUST004 | H5: Male | I5: 37 | J5: {=_xlfn.IFS(I5<30,"Young Adult", I5<50,"Adult",I5 >=50,"Seniors")} -> Adult | K5: Clothing | L5: 1 | M5: 500 | N5: =L5*M5 -> 500 | O5: =N5*$R$3 -> 7.5
A6: 5 | B6: =YEAR(F6) -> 2023 | C6: =MONTH(F6) -> 5 | D6: =DAY(F6) -> 6 | E6: =TEXT(F6,"dddd") -> Saturday | F6: 45052 | G6: CUST005 | H6: Male | I6: 30 | J6: {=_xlfn.IFS(I6<30,"Young Adult", I6<50,"Adult",I6 >=50,"Seniors")} -> Adult | K6: Beauty | L6: 2 | M6: 50 | N6: =L6*M6 -> 100 | O6: =N6*$R$3 -> 1.5
A7: 6 | B7: =YEAR(F7) -> 2023 | C7: =MONTH(F7) -> 4 | D7: =DAY(F7) -> 25 | E7: =TEXT(F7,"dddd") -> Tuesday | F7: 45041 | G7: CUST006 | H7: Female | I7: 45 | J7: {=_xlfn.IFS(I7<30,"Young Adult", I7<50,"Adult",I7 >=50,"Seniors")} -> Adult | K7: Beauty | L7: 1 | M7: 30 | N7: =L7*M7 -> 30 | O7: =N7*$R$3 -> 0.45
A8: 7 | B8: =YEAR(F8) -> 2023 | C8: =MONTH(F8) -> 3 | D8: =DAY(F8) -> 13 | E8: =TEXT(F8,"dddd") -> Monday | F8: 44998 | G8: CUST007 | H8: Male | I8: 46 | J8: {=_xlfn.IFS(I8<30,"Young Adult", I8<50,"Adult",I8 >=50,"Seniors")} -> Adult | K8: Clothing | L8: 2 | M8: 25 | N8: =L8*M8 -> 50 | O8: =N8*$R$3 -> 0.75 | R8: Total Sales
A9: 8 | B9: =YEAR(F9) -> 2023 | C9: =MONTH(F9) -> 2 | D9: =DAY(F9) -> 22 | E9: =TEXT(F9,"dddd") -> Wednesday | F9: 44979 | G9: CUST008 | H9: Male | I9: 30 | J9: {=_xlfn.IFS(I9<30,"Young Adult", I9<50,"Adult",I9 >=50,"Seniors")} -> Adult | K9: Electronics | L9: 4 | M9: 25 | N9: =L9*M9 -> 100 | O9: =N9*$R$3 -> 1.5 | P9: Commission Total | Q9: All Products | R9: =SUM(N:N) -> 456000
A10: 9 | B10: =YEAR(F10) -> 2023 | C10: =MONTH(F10) -> 12 | D10: =DAY(F10) -> 13 | E10: =TEXT(F10,"dddd") -> Wednesday | F10: 45273 | G10: CUST009 | H10: Male | I10: 63 | J10: {=_xlfn.IFS(I10<30,"Young Adult", I10<50,"Adult",I10 >=50,"Seniors")} -> Seniors | K10: Electronics | L10: 2 | M10: 300 | N10: =L10*M10 -> 600 | O10: =N10*$R$3 -> 9 | P10: =SUM(O:O) -> 6840
A11: 10 | B11: =YEAR(F11) -> 2023 | C11: =MONTH(F11) -> 10 | D11: =DAY(F11) -> 7 | E11: =TEXT(F11,"dddd") -> Saturday | F11: 45206 | G11: CUST010 | H11: Female | I11: 52 | J11: {=_xlfn.IFS(I11<30,"Young Adult", I11<50,"Adult",I11 >=50,"Seniors")} -> Seniors | K11: Clothing | L11: 4 | M11: 50 | N11: =L11*M11 -> 200 | O11: =N11*$R$3 -> 3 | P11: =AVERAGE(O:O) -> 6.84
A12: 11 | B12: =YEAR(F12) -> 2023 | C12: =MONTH(F12) -> 2 | D12: =DAY(F12) -> 14 | E12: =TEXT(F12,"dddd") -> Tuesday | F12: 44971 | G12: CUST011 | H12: Male | I12: 23 | J12: {=_xlfn.IFS(I12<30,"Young Adult", I12<50,"Adult",I12 >=50,"Seniors")} -> Young Adult | K12: Clothing | L12: 2 | M12: 50 | N12: =L12*M12 -> 100 | O12: =N12*$R$3 -> 1.5 | S12: Quantity | U12: AVERAGE
A13: 12 | B13: =YEAR(F13) -> 2023 | C13: =MONTH(F13) -> 10 | D13: =DAY(F13) -> 30 | E13: =TEXT(F13,"dddd") -> Monday | F13: 45229 | G13: CUST012 | H13: Male | I13: 35 | J13: {=_xlfn.IFS(I13<30,"Young Adult", I13<50,"Adult",I13 >=50,"Seniors")} -> Adult | K13: Beauty | L13: 3 | M13: 25 | N13: =L13*M13 -> 75 | O13: =N13*$R$3 -> 1.125 | Q13: {=_xlfn.UNIQUE(K:K)} -> Product Category | R13: Total Sales | S13: Female | T13: Male | U13: =AVERAGE(N:N) -> 456
A14: 13 | B14: =YEAR(F14) -> 2023 | C14: =MONTH(F14) -> 8 | D14: =DAY(F14) -> 5 | E14: =TEXT(F14,"dddd") -> Saturday | F14: 45143 | G14: CUST013 | H14: Male | I14: 22 | J14: {=_xlfn.IFS(I14<30,"Young Adult", I14<50,"Adult",I14 >=50,"Seniors")} -> Young Adult | K14: Electronics | L14: 3 | M14: 500 | N14: =L14*M14 -> 1500 | O14: =N14*$R$3 -> 22.5 | Q14: Beauty | R14: =SUMIF(K:K,"Beauty",N:N) -> 143515 | S14: =SUMIFS(L:L,K:K,"Beauty",H:H,"Female") -> 418
A15: 14 | B15: =YEAR(F15) -> 2023 | C15: =MONTH(F15) -> 1 | D15: =DAY(F15) -> 17 | E15: =TEXT(F15,"dddd") -> Tuesday | F15: 44943 | G15: CUST014 | H15: Male | I15: 64 | J15: {=_xlfn.IFS(I15<30,"Young Adult", I15<50,"Adult",I15 >=50,"Seniors")} -> Seniors | K15: Clothing | L15: 4 | M15: 30 | N15: =L15*M15 -> 120 | O15: =N15*$R$3 -> 1.8 | Q15: Clothing | R15: =SUMIF(K:K,"Clothing", N:N) -> 155580 | S15: =SUMIFS(L:L,K:K,"Clothing",H:H,"Female") -> 441
A16: 15 | B16: =YEAR(F16) -> 2023 | C16: =MONTH(F16) -> 1 | D16: =DAY(F16) -> 16 | E16: =TEXT(F16,"dddd") -> Monday | F16: 44942 | G16: CUST015 | H16: Female | I16: 42 | J16: {=_xlfn.IFS(I16<30,"Young Adult", I16<50,"Adult",I16 >=50,"Seniors")} -> Adult | K16: Electronics | L16: 4 | M16: 500 | N16: =L16*M16 -> 2000 | O16: =N16*$R$3 -> 30 | Q16: Electronics | R16: =SUMIF(K:K,"Electronics",N:N) -> 156905
A17: 16 | B17: =YEAR(F17) -> 2023 | C17: =MONTH(F17) -> 2 | D17: =DAY(F17) -> 17 | E17: =TEXT(F17,"dddd") -> Friday | F17: 44974 | G17: CUST016 | H17: Male | I17: 19 | J17: {=_xlfn.IFS(I17<30,"Young Adult", I17<50,"Adult",I17 >=50,"Seniors")} -> Young Adult | K17: Clothing | L17: 3 | M17: 500 | N17: =L17*M17 -> 1500 | O17: =N17*$R$3 -> 22.5 | Q17: 0
A18: 17 | B18: =YEAR(F18) -> 2023 | C18: =MONTH(F18) -> 4 | D18: =DAY(F18) -> 22 | E18: =TEXT(F18,"dddd") -> Saturday | F18: 45038 | G18: CUST017 | H18: Female | I18: 27 | J18: {=_xlfn.IFS(I18<30,"Young Adult", I18<50,"Adult",I18 >=50,"Seniors")} -> Young Adult | K18: Clothing | L18: 4 | M18: 25 | N18: =L18*M18 -> 100 | O18: =N18*$R$3 -> 1.5
A19: 18 | B19: =YEAR(F19) -> 2023 | C19: =MONTH(F19) -> 4 | D19: =DAY(F19) -> 30 | E19: =TEXT(F19,"dddd") -> Sunday | F19: 45046 | G19: CUST018 | H19: Female | I19: 47 | J19: {=_xlfn.IFS(I19<30,"Young Adult", I19<50,"Adult",I19 >=50,"Seniors")} -> Adult | K19: Electronics | L19: 2 | M19: 25 | N19: =L19*M19 -> 50 | O19: =N19*$R$3 -> 0.75 | Q19: Product Category | R19: Female
A20: 19 | B20: =YEAR(F20) -> 2023 | C20: =MONTH(F20) -> 9 | D20: =DAY(F20) -> 16 | E20: =TEXT(F20,"dddd") -> Saturday | F20: 45185 | G20: CUST019 | H20: Female | I20: 62 | J20: {=_xlfn.IFS(I20<30,"Young Adult", I20<50,"Adult",I20 >=50,"Seniors")} -> Seniors | K20: Clothing | L20: 2 | M20: 25 | N20: =L20*M20 -> 50 | O20: =N20*$R$3 -> 0.75 | Q20: {=_xlfn.UNIQUE(K2:K1001)} -> Beauty | R20: =SUMIFS(L:L,K:K,"Beauty",H:H, "Female") -> 418 | S20: =SUMIFS(M:M,L:L,"Beauty",I:I, "Female") -> 0
A21: 20 | B21: =YEAR(F21) -> 2023 | C21: =MONTH(F21) -> 11 | D21: =DAY(F21) -> 5 | E21: =TEXT(F21,"dddd") -> Sunday | F21: 45235 | G21: CUST020 | H21: Male | I21: 22 | J21: {=_xlfn.IFS(I21<30,"Young Adult", I21<50,"Adult",I21 >=50,"Seniors")} -> Young Adult | K21: Clothing | L21: 3 | M21: 300 | N21: =L21*M21 -> 900 | O21: =N21*$R$3 -> 13.5 | Q21: Clothing | R21: =SUMIFS(L:L,K:K,"Clothing",H:H,"Female") -> 441
A22: 21 | B22: =YEAR(F22) -> 2023 | C22: =MONTH(F22) -> 1 | D22: =DAY(F22) -> 14 | E22: =TEXT(F22,"dddd") -> Saturday | F22: 44940 | G22: CUST021 | H22: Female | I22: 50 | J22: {=_xlfn.IFS(I22<30,"Young Adult", I22<50,"Adult",I22 >=50,"Seniors")} -> Seniors | K22: Beauty | L22: 1 | M22: 500 | N22: =L22*M22 -> 500 | O22: =N22*$R$3 -> 7.5 | Q22: Electronics | R22: =SUMIFS(L:L,K:K,"Electronics",H:H,"Female") -> 439
A23: 22 | B23: =YEAR(F23) -> 2023 | C23: =MONTH(F23) -> 10 | D23: =DAY(F23) -> 15 | E23: =TEXT(F23,"dddd") -> Sunday | F23: 45214 | G23: CUST022 | H23: Male | I23: 18 | J23: {=_xlfn.IFS(I23<30,"Young Adult", I23<50,"Adult",I23 >=50,"Seniors")} -> Young Adult | K23: Clothing | L23: 2 | M23: 50 | N23: =L23*M23 -> 100 | O23: =N23*$R$3 -> 1.5
A24: 23 | B24: =YEAR(F24) -> 2023 | C24: =MONTH(F24) -> 4 | D24: =DAY(F24) -> 12 | E24: =TEXT(F24,"dddd") -> Wednesday | F24: 45028 | G24: CUST023 | H24: Female | I24: 35 | J24: {=_xlfn.IFS(I24<30,"Young Adult", I24<50,"Adult",I24 >=50,"Seniors")} -> Adult | K24: Clothing | L24: 4 | M24: 30 | N24: =L24*M24 -> 120 | O24: =N24*$R$3 -> 1.8
A25: 24 | B25: =YEAR(F25) -> 2023 | C25: =MONTH(F25) -> 11 | D25: =DAY(F25) -> 29 | E25: =TEXT(F25,"dddd") -> Wednesday | F25: 45259 | G25: CUST024 | H25: Female | I25: 49 | J25: {=_xlfn.IFS(I25<30,"Young Adult", I25<50,"Adult",I25 >=50,"Seniors")} -> Adult | K25: Clothing | L25: 1 | M25: 300 | N25: =L25*M25 -> 300 | O25: =N25*$R$3 -> 4.5
A26: 25 | B26: =YEAR(F26) -> 2023 | C26: =MONTH(F26) -> 12 | D26: =DAY(F26) -> 26 | E26: =TEXT(F26,"dddd") -> Tuesday | F26: 45286 | G26: CUST025 | H26: Female | I26: 64 | J26: {=_xlfn.IFS(I26<30,"Young Adult", I26<50,"Adult",I26 >=50,"Seniors")} -> Seniors | K26: Beauty | L26: 1 | M26: 50 | N26: =L26*M26 -> 50 | O26: =N26*$R$3 -> 0.75
A27: 26 | B27: =YEAR(F27) -> 2023 | C27: =MONTH(F27) -> 10 | D27: =DAY(F27) -> 7 | E27: =TEXT(F27,"dddd") -> Saturday | F27: 45206 | G27: CUST026 | H27: Female | I27: 28 | J27: {=_xlfn.IFS(I27<30,"Young Adult", I27<50,"Adult",I27 >=50,"Seniors")} -> Young Adult | K27: Electronics | L27: 2 | M27: 500 | N27: =L27*M27 -> 1000 | O27: =N27*$R$3 -> 15
A28: 27 | B28: =YEAR(F28) -> 2023 | C28: =MONTH(F28) -> 8 | D28: =DAY(F28) -> 3 | E28: =TEXT(F28,"dddd") -> Thursday | F28: 45141 | G28: CUST027 | H28: Female | I28: 38 | J28: {=_xlfn.IFS(I28<30,"Young Adult", I28<50,"Adult",I28 >=50,"Seniors")} -> Adult | K28: Beauty | L28: 2 | M28: 25 | N28: =L28*M28 -> 50 | O28: =N28*$R$3 -> 0.75
A29: 28 | B29: =YEAR(F29) -> 2023 | C29: =MONTH(F29) -> 4 | D29: =DAY(F29) -> 23 | E29: =TEXT(F29,"dddd") -> Sunday | F29: 45039 | G29: CUST028 | H29: Female | I29: 43 | J29: {=_xlfn.IFS(I29<30,"Young Adult", I29<50,"Adult",I29 >=50,"Seniors")} -> Adult | K29: Beauty | L29: 1 | M29: 500 | N29: =L29*M29 -> 500 | O29: =N29*$R$3 -> 7.5
A30: 29 | B30: =YEAR(F30) -> 2023 | C30: =MONTH(F30) -> 8 | D30: =DAY(F30) -> 18 | E30: =TEXT(F30,"dddd") -> Friday | F30: 45156 | G30: CUST029 | H30: Female | I30: 42 | J30: {=_xlfn.IFS(I30<30,"Young Adult", I30<50,"Adult",I30 >=50,"Seniors")} -> Adult | K30: Electronics | L30: 1 | M30: 30 | N30: =L30*M30 -> 30 | O30: =N30*$R$3 -> 0.45
A31: 30 | B31: =YEAR(F31) -> 2023 | C31: =MONTH(F31) -> 10 | D31: =DAY(F31) -> 29 | E31: =TEXT(F31,"dddd") -> Sunday | F31: 45228 | G31: CUST030 | H31: Female | I31: 39 | J31: {=_xlfn.IFS(I31<30,"Young Adult", I31<50,"Adult",I31 >=50,"Seniors")} -> Adult | K31: Beauty | L31: 3 | M31: 300 | N31: =L31*M31 -> 900 | O31: =N31*$R$3 -> 13.5
A32: 31 | B32: =YEAR(F32) -> 2023 | C32: =MONTH(F32) -> 5 | D32: =DAY(F32) -> 23 | E32: =TEXT(F32,"dddd") -> Tuesday | F32: 45069 | G32: CUST031 | H32: Male | I32: 44 | J32: {=_xlfn.IFS(I32<30,"Young Adult", I32<50,"Adult",I32 >=50,"Seniors")} -> Adult | K32: Electronics | L32: 4 | M32: 300 | N32: =L32*M32 -> 1200 | O32: =N32*$R$3 -> 18
A33: 32 | B33: =YEAR(F33) -> 2023 | C33: =MONTH(F33) -> 1 | D33: =DAY(F33) -> 4 | E33: =TEXT(F33,"dddd") -> Wednesday | F33: 44930 | G33: CUST032 | H33: Male | I33: 30 | J33: {=_xlfn.IFS(I33<30,"Young Adult", I33<50,"Adult",I33 >=50,"Seniors")} -> Adult | K33: Beauty | L33: 3 | M33: 30 | N33: =L33*M33 -> 90 | O33: =N33*$R$3 -> 1.35
A34: 33 | B34: =YEAR(F34) -> 2023 | C34: =MONTH(F34) -> 3 | D34: =DAY(F34) -> 23 | E34: =TEXT(F34,"dddd") -> Thursday | F34: 45008 | G34: CUST033 | H34: Female | I34: 50 | J34: {=_xlfn.IFS(I34<30,"Young Adult", I34<50,"Adult",I34 >=50,"Seniors")} -> Seniors | K34: Electronics | L34: 2 | M34: 50 | N34: =L34*M34 -> 100 | O34: =N34*$R$3 -> 1.5
... A1001: 1000 | B1001: =YEAR(F1001) -> 2023 | C1001: =MONTH(F1001) -> 4 | D1001: =DAY(F1001) -> 12 | E1001: =TEXT(F1001,"dddd") -> Wednesday | F1001: 45028 | G1001: CUST1000 | H1001: Male | I1001: 47 | J1001: {=_xlfn.IFS(I1001<30,"Young Adult", I1001<50,"Adult",I1001 >=50,"Seniors")} -> Adult | K1001: Electronics | L1001: 4 | M1001: 30 | N1001: =L1001*M1001 -> 120 | O1001: =N1001*$R$3 -> 1.8

Sheet Transactions
A1: Transaction ID | B1: Total Sales | C1: Product category | E1: Concatenate
A2: 10 | B2: =VLOOKUP(A2,retail_sales_dataset!A2:O1001,13, FALSE) -> 50 | C2: =VLOOKUP(A2,retail_sales_dataset!A1:O1001,11,FALSE) -> Clothing | E2: =CONCATENATE(B2, " ", C2) -> 50 Clothing
A3: 15 | B3: =VLOOKUP(A3,retail_sales_dataset!A3:O1002,13, FALSE) -> 500 | C3: =VLOOKUP(A3,retail_sales_dataset!A2:O1002,11,FALSE) -> Electronics | E3: =CONCATENATE(B3, " ", C3) -> 500 Electronics
A4: 25 | B4: =VLOOKUP(A4,retail_sales_dataset!A4:O1003,13, FALSE) -> 50 | C4: =VLOOKUP(A4,retail_sales_dataset!A3:O1003,11,FALSE) -> Beauty | E4: =CONCATENATE(B4, " ", C4) -> 50 Beauty
A5: 30 | B5: =VLOOKUP(A5,retail_sales_dataset!A5:O1004,13, FALSE) -> 300 | C5: =VLOOKUP(A5,retail_sales_dataset!A4:O1004,11,FALSE) -> Beauty | E5: =CONCATENATE(B5, " ", C5) -> 300 Beauty
A6: 54 | B6: =VLOOKUP(A6,retail_sales_dataset!A6:O1005,13, FALSE) -> 500 | C6: =VLOOKUP(A6,retail_sales_dataset!A5:O1005,11,FALSE) -> Electronics | E6: =CONCATENATE(B6, " ", C6) -> 500 Electronics
A7: 55 | B7: =VLOOKUP(A7,retail_sales_dataset!A7:O1006,13, FALSE) -> 30 | C7: =VLOOKUP(A7,retail_sales_dataset!A6:O1006,11,FALSE) -> Beauty | E7: =CONCATENATE(B7, " ", C7) -> 30 Beauty
A8: 67 | B8: =VLOOKUP(A8,retail_sales_dataset!A8:O1007,13, FALSE) -> 300 | C8: =VLOOKUP(A8,retail_sales_dataset!A7:O1007,11,FALSE) -> Beauty | E8: =CONCATENATE(B8, " ", C8) -> 300 Beauty
A9: 89 | B9: =VLOOKUP(A9,retail_sales_dataset!A9:O1008,13, FALSE) -> 500 | C9: =VLOOKUP(A9,retail_sales_dataset!A8:O1008,11,FALSE) -> Electronics | E9: =CONCATENATE(B9, " ", C9) -> 500 Electronics
A10: 100 | B10: =VLOOKUP(A10,retail_sales_dataset!A10:O1009,13, FALSE) -> 30 | C10: =VLOOKUP(A10,retail_sales_dataset!A9:O1009,11,FALSE) -> Electronics | E10: =CONCATENATE(B10, " ", C10) -> 30 Electronics
B12: Count
A13: =COUNTA(A2:A10) -> 9 | B13: =COUNTA(B2:B10) -> 9 | C13: =COUNTA(C2:C10) -> 9 | D13: =COUNTA(D2:D10) -> 0 | E13: =COUNTA(E2:E10) -> 9
B15: Count A
A16: =COUNTA(A2:A10) -> 9 | B16: =COUNTA(B2:B10) -> 9 | C16: =COUNTA(C2:C10) -> 9 | D16: =COUNTA(D2:D10) -> 0 | E16: =COUNTA(E2:E10) -> 9
